Chromosome,Position,rsID,Reference,Alternate,Source,Filters - exomes,Filters - genomes,Consequence,Protein Consequence,Transcript Consequence,Annotation,Flags,Allele Count,Allele Number,Allele Frequency,Homozygote Count,Hemizygote Count,Allele Count Other,Allele Number Other,Homozygote Count Other,Hemizygote Count Other,Allele Count Latino/Admixed American,Allele Number Latino/Admixed American,Homozygote Count Latino/Admixed American,Hemizygote Count Latino/Admixed American,Allele Count European (Finnish),Allele Number European (Finnish),Homozygote Count European (Finnish),Hemizygote Count European (Finnish),Allele Count Amish,Allele Number Amish,Homozygote Count Amish,Hemizygote Count Amish,Allele Count East Asian,Allele Number East Asian,Homozygote Count East Asian,Hemizygote Count East Asian,Allele Count Middle Eastern,Allele Number Middle Eastern,Homozygote Count Middle Eastern,Hemizygote Count Middle Eastern,Allele Count South Asian,Allele Number South Asian,Homozygote Count South Asian,Hemizygote Count South Asian,Allele Count Ashkenazi Jewish,Allele Number Ashkenazi Jewish,Homozygote Count Ashkenazi Jewish,Hemizygote Count Ashkenazi Jewish,Allele Count African/African-American,Allele Number African/African-American,Homozygote Count African/African-American,Hemizygote Count African/African-American,Allele Count European (non-Finnish),Allele Number European (non-Finnish),Homozygote Count European (non-Finnish),Hemizygote Count European (non-Finnish)
20,3209556,,C,T,gnomAD Genomes,NA,PASS,p.Ala2Val,p.Ala2Val,c.5C>T,missense_variant,,3,152152,0.000019717124980282875,0,0,0,2094,0,0,0,15276,0,0,0,10610,0,0,0,908,0,0,0,5188,0,0,0,316,0,0,0,4822,0,0,0,3472,0,0,3,41432,0,0,0,68034,0,0
20,3209565,,T,C,gnomAD Genomes,NA,PASS,p.Leu5Ser,p.Leu5Ser,c.14T>C,missense_variant,,1,151864,0.000006584839066533214,0,0,0,2092,0,0,0,15238,0,0,0,10566,0,0,0,912,0,0,0,5172,0,0,0,316,0,0,1,4800,0,0,0,3468,0,0,0,41334,0,0,0,67966,0,0
20,3209568,rs1255659939,T,A,gnomAD Genomes,NA,PASS,c.15+2T>A,,c.15+2T>A,splice_donor_variant,,2,151708,0.0000131832203970786,0,0,0,2088,0,0,0,15232,0,0,0,10534,0,0,0,912,0,0,0,5170,0,0,0,316,0,0,0,4788,0,0,0,3468,0,0,2,41274,0,0,0,67926,0,0
20,3209574,rs751416592,A,G,gnomAD Genomes,NA,PASS,p.Lys8Arg,p.Lys8Arg,c.23A>G,missense_variant,,1,152098,0.000006574708411681942,0,0,0,2090,0,0,0,15258,0,0,0,10610,0,0,0,912,0,0,0,5190,0,0,0,316,0,0,0,4824,0,0,0,3466,0,0,1,41420,0,0,0,68012,0,0
20,3209577,rs1282803728,A,G,gnomAD Genomes,NA,PASS,p.Lys9Arg,p.Lys9Arg,c.26A>G,missense_variant,,2,152136,0.000013146132407845612,0,0,0,2090,0,0,0,15260,0,0,1,10614,0,0,0,912,0,0,0,5196,0,0,0,316,0,0,0,4826,0,0,0,3466,0,0,0,41428,0,0,1,68028,0,0
20,3209582,rs1181895197,G,A,gnomAD Genomes,NA,PASS,p.Val11Met,p.Val11Met,c.31G>A,missense_variant,,1,152200,0.00000657030223390276,0,0,0,2092,0,0,0,15272,0,0,1,10620,0,0,0,912,0,0,0,5200,0,0,0,316,0,0,0,4826,0,0,0,3470,0,0,0,41440,0,0,0,68052,0,0
20,3209600,rs754960642,G,T,gnomAD Genomes,NA,PASS,p.Ala17Ser,p.Ala17Ser,c.49G>T,missense_variant,,1,152176,0.00000657133845021554,0,0,0,2086,0,0,0,15274,0,0,0,10620,0,0,0,912,0,0,1,5192,0,0,0,316,0,0,0,4834,0,0,0,3470,0,0,0,41438,0,0,0,68034,0,0
20,3209609,rs758704128,C,A,gnomAD Genomes,NA,PASS,p.Leu20Met,p.Leu20Met,c.58C>A,missense_variant,,1,152130,0.0000065733254453427986,0,0,0,2088,0,0,0,15270,0,0,0,10620,0,0,0,912,0,0,0,5190,0,0,0,316,0,0,0,4826,0,0,0,3472,0,0,0,41418,0,0,1,68018,0,0
20,3213171,rs1568509937,C,CG,gnomAD Genomes,NA,PASS,p.Val24GlyfsTer7,p.Val24GlyfsTer7,c.70dup,frameshift_variant,,2,152184,0.000013141986016926878,0,0,0,2090,0,0,0,15264,0,0,0,10614,0,0,0,912,0,0,0,5206,0,0,0,316,0,0,0,4824,0,0,0,3468,0,0,2,41454,0,0,0,68036,0,0
20,3213172,,G,A,gnomAD Genomes,NA,PASS,p.Val24Ile,p.Val24Ile,c.70G>A,missense_variant,,1,152160,0.000006572029442691903,0,0,1,2094,0,0,0,15266,0,0,0,10614,0,0,0,912,0,0,0,5202,0,0,0,316,0,0,0,4824,0,0,0,3466,0,0,0,41432,0,0,0,68034,0,0
20,3213196,,C,A,gnomAD Genomes,NA,PASS,p.Pro32Thr,p.Pro32Thr,c.94C>A,missense_variant,,9779,152138,0.06427716941198122,389,0,123,2092,4,0,559,15266,13,0,511,10612,11,0,70,910,3,0,903,5196,81,0,11,316,0,0,593,4822,42,0,241,3470,15,0,1833,41438,43,0,4935,68016,177,0
20,3213202,,A,G,gnomAD Genomes,NA,PASS,p.Thr34Ala,p.Thr34Ala,c.100A>G,missense_variant,,23,152172,0.00015114475724837683,0,0,0,2092,0,0,0,15280,0,0,6,10610,0,0,0,912,0,0,0,5198,0,0,0,316,0,0,0,4832,0,0,1,3472,0,0,0,41436,0,0,16,68024,0,0
20,3213203,rs773947334,C,A,gnomAD Genomes,NA,PASS,p.Thr34Asn,p.Thr34Asn,c.101C>A,missense_variant,,8,152176,0.00005257070760172432,0,0,0,2092,0,0,0,15274,0,0,0,10610,0,0,0,912,0,0,0,5202,0,0,0,316,0,0,0,4822,0,0,0,3470,0,0,0,41444,0,0,8,68034,0,0
20,3213206,rs1363695385,T,C,gnomAD Genomes,NA,PASS,p.Leu35Ser,p.Leu35Ser,c.104T>C,missense_variant,,1,152232,0.000006568921120395186,0,0,0,2092,0,0,0,15268,0,0,0,10624,0,0,0,912,0,0,0,5204,0,0,0,316,0,0,1,4836,0,0,0,3472,0,0,0,41464,0,0,0,68044,0,0
20,3213208,rs1476134616,G,T,gnomAD Genomes,NA,PASS,p.Val36Leu,p.Val36Leu,c.106G>T,missense_variant,,1,152182,0.0000065710793654965765,0,0,0,2094,0,0,0,15272,0,0,0,10614,0,0,0,912,0,0,0,5202,0,0,0,316,0,0,0,4836,0,0,0,3468,0,0,1,41438,0,0,0,68030,0,0
20,3213209,rs771694985,T,A,gnomAD Genomes,NA,PASS,p.Val36Glu,p.Val36Glu,c.107T>A,missense_variant,,6,152202,0.00003942129538376631,0,0,0,2092,0,0,0,15270,0,0,5,10618,0,0,0,912,0,0,0,5198,0,0,0,316,0,0,0,4824,0,0,0,3472,0,0,0,41458,0,0,1,68042,0,0
20,3213219,rs538432614,A,C,gnomAD Genomes,NA,PASS,p.Lys39Asn,p.Lys39Asn,c.117A>C,missense_variant,,1,152174,0.0000065714248163286764,0,0,0,2094,0,0,0,15268,0,0,0,10616,0,0,0,910,0,0,1,5198,0,0,0,316,0,0,0,4834,0,0,0,3470,0,0,0,41436,0,0,0,68032,0,0
20,3213227,,G,C,gnomAD Genomes,NA,PASS,c.124+1G>C,,c.124+1G>C,splice_donor_variant,,1,152168,0.000006571683928289785,0,0,0,2090,0,0,0,15266,0,0,0,10610,0,0,0,912,0,0,0,5198,0,0,0,316,0,0,0,4826,0,0,0,3472,0,0,0,41440,0,0,1,68038,0,0
20,3213227,,G,A,gnomAD Genomes,NA,PASS,c.124+1G>A,,c.124+1G>A,splice_donor_variant,,1,152168,0.000006571683928289785,0,0,0,2090,0,0,0,15266,0,0,0,10610,0,0,0,912,0,0,0,5198,0,0,0,316,0,0,0,4826,0,0,0,3472,0,0,0,41440,0,0,1,68038,0,0
20,3213322,rs142979373,C,T,gnomAD Genomes,NA,PASS,p.Pro43Leu,p.Pro43Leu,c.128C>T,missense_variant,,10,152074,0.00006575746018385786,0,0,0,2092,0,0,0,15264,0,0,0,10598,0,0,0,912,0,0,0,5184,0,0,0,316,0,0,0,4816,0,0,0,3468,0,0,9,41402,0,0,1,68022,0,0
20,3213330,rs1465773122,C,CA,gnomAD Genomes,NA,PASS,p.Glu48GlyfsTer4,p.Glu48GlyfsTer4,c.137dup,frameshift_variant,,1,152096,0.000006574794866400168,0,0,0,2092,0,0,0,15256,0,0,0,10616,0,0,0,912,0,0,0,5182,0,0,0,316,0,0,0,4828,0,0,0,3470,0,0,1,41390,0,0,0,68034,0,0
20,3213340,rs757955055,C,T,gnomAD Genomes,NA,PASS,p.Pro49Leu,p.Pro49Leu,c.146C>T,missense_variant,,10,152098,0.00006574708411681942,0,0,0,2088,0,0,0,15252,0,0,0,10592,0,0,0,908,0,0,0,5192,0,0,0,314,0,0,2,4832,0,0,0,3470,0,0,6,41428,0,0,2,68022,0,0
20,3213345,rs746662660,G,A,gnomAD Genomes,NA,PASS,p.Glu51Lys,p.Glu51Lys,c.151G>A,missense_variant,,1,152174,0.0000065714248163286764,0,0,0,2092,0,0,0,15268,0,0,0,10616,0,0,0,910,0,0,0,5188,0,0,0,316,0,0,1,4832,0,0,0,3468,0,0,0,41442,0,0,0,68042,0,0
20,3213354,rs770808787,A,G,gnomAD Genomes,NA,PASS,p.Ile54Val,p.Ile54Val,c.160A>G,missense_variant,,1,152130,0.0000065733254453427986,0,0,0,2092,0,0,0,15268,0,0,0,10612,0,0,0,912,0,0,0,5182,0,0,0,316,0,0,1,4834,0,0,0,3468,0,0,0,41414,0,0,0,68032,0,0
20,3213364,rs138760860,G,A,gnomAD Genomes,NA,PASS,p.Cys57Tyr,p.Cys57Tyr,c.170G>A,missense_variant,,15,152176,0.0000985700767532331,0,0,0,2094,0,0,0,15280,0,0,0,10608,0,0,0,912,0,0,0,5188,0,0,0,316,0,0,0,4834,0,0,0,3470,0,0,1,41438,0,0,14,68036,0,0
20,3213375,rs1368986252,G,A,gnomAD Genomes,NA,PASS,p.Val61Ile,p.Val61Ile,c.181G>A,missense_variant,,1,152196,0.0000065704749139267785,0,0,0,2092,0,0,0,15284,0,0,0,10622,0,0,0,912,0,0,0,5180,0,0,0,316,0,0,0,4832,0,0,0,3472,0,0,1,41452,0,0,0,68034,0,0
20,3213378,rs201119006,C,T,gnomAD Genomes,NA,PASS,p.Arg62Cys,p.Arg62Cys,c.184C>T,missense_variant,,12,152134,0.00007887783138548911,0,0,0,2094,0,0,3,15278,0,0,0,10610,0,0,0,910,0,0,0,5172,0,0,0,316,0,0,0,4832,0,0,0,3472,0,0,0,41424,0,0,9,68026,0,0
20,3213379,rs767520628,G,T,gnomAD Genomes,NA,PASS,p.Arg62Leu,p.Arg62Leu,c.185G>T,missense_variant,,2,152156,0.000013144404427035411,0,0,0,2092,0,0,0,15264,0,0,0,10610,0,0,0,910,0,0,0,5182,0,0,0,316,0,0,2,4830,0,0,0,3472,0,0,0,41442,0,0,0,68038,0,0
20,3213985,rs760868571,G,T,gnomAD Genomes,NA,PASS,p.Val64Leu,p.Val64Leu,c.190G>T,missense_variant,,4,152156,0.000026288808854070822,0,0,0,2086,0,0,1,15266,0,0,0,10612,0,0,0,912,0,0,0,5192,0,0,0,316,0,0,1,4832,0,0,0,3468,0,0,0,41446,0,0,2,68026,0,0
20,3213991,,G,A,gnomAD Genomes,NA,PASS,p.Gly66Arg,p.Gly66Arg,c.196G>A,missense_variant,,1,152184,0.000006570993008463439,0,0,0,2090,0,0,0,15264,0,0,0,10612,0,0,0,912,0,0,0,5192,0,0,0,316,0,0,0,4836,0,0,0,3468,0,0,1,41448,0,0,0,68046,0,0
20,3214003,,G,A,gnomAD Genomes,NA,PASS,p.Val70Ile,p.Val70Ile,c.208G>A,missense_variant,,1,152176,0.00000657133845021554,0,0,0,2084,0,0,0,15270,0,0,1,10622,0,0,0,912,0,0,0,5186,0,0,0,316,0,0,0,4834,0,0,0,3468,0,0,0,41452,0,0,0,68032,0,0
20,3214028,rs150904363,A,G,gnomAD Genomes,NA,PASS,p.Asn78Ser,p.Asn78Ser,c.233A>G,missense_variant,,134,152168,0.0008806056463908312,1,0,4,2092,0,0,9,15266,0,0,1,10614,0,0,0,912,0,0,1,5194,0,0,0,316,0,0,3,4830,0,0,65,3470,1,0,10,41444,0,0,41,68030,0,0
20,3214043,rs760003902,TC,T,gnomAD Genomes,NA,PASS,p.Gly85AlafsTer4,p.Gly85AlafsTer4,c.252del,frameshift_variant,,2,152136,0.000013146132407845612,0,0,0,2092,0,0,0,15266,0,0,0,10606,0,0,0,912,0,0,0,5198,0,0,0,316,0,0,0,4824,0,0,0,3466,0,0,2,41428,0,0,0,68028,0,0
20,3214054,rs969131963,T,G,gnomAD Genomes,NA,PASS,p.Tyr87Asp,p.Tyr87Asp,c.259T>G,missense_variant,,1,152192,0.000006570647603027754,0,0,0,2088,0,0,0,15274,0,0,0,10622,0,0,0,912,0,0,0,5196,0,0,0,316,0,0,0,4834,0,0,0,3466,0,0,0,41448,0,0,1,68036,0,0
20,3214055,rs1418082140,A,T,gnomAD Genomes,NA,PASS,p.Tyr87Phe,p.Tyr87Phe,c.260A>T,missense_variant,,1,152212,0.000006569784248285286,0,0,0,2088,0,0,0,15280,0,0,0,10622,0,0,0,912,0,0,0,5198,0,0,0,316,0,0,0,4838,0,0,0,3468,0,0,0,41452,0,0,1,68038,0,0
20,3214057,,A,C,gnomAD Genomes,NA,PASS,p.Ile88Leu,p.Ile88Leu,c.262A>C,missense_variant,,1,152214,0.0000065696979252893955,0,0,0,2088,0,0,0,15284,0,0,0,10620,0,0,0,912,0,0,0,5196,0,0,0,316,0,0,0,4836,0,0,0,3466,0,0,1,41454,0,0,0,68042,0,0
20,3215280,,G,C,gnomAD Genomes,NA,PASS,c.264-1G>C,,c.264-1G>C,splice_acceptor_variant,,1,152204,0.000006570129562954982,0,0,0,2094,0,0,0,15264,0,0,0,10626,0,0,0,912,0,0,0,5198,0,0,0,316,0,0,0,4832,0,0,0,3472,0,0,0,41454,0,0,1,68036,0,0
20,3215285,rs1381781375,TG,T,gnomAD Genomes,NA,PASS,p.Trp90CysfsTer6,p.Trp90CysfsTer6,c.270del,frameshift_variant,,1,152150,0.000006572461386789352,0,0,0,2092,0,0,0,15262,0,0,0,10608,0,0,0,910,0,0,0,5184,0,0,0,316,0,0,0,4828,0,0,0,3468,0,0,0,41444,0,0,1,68038,0,0
20,3215295,rs34982958,A,G,gnomAD Genomes,NA,PASS,p.Glu93Gly,p.Glu93Gly,c.278A>G,missense_variant,,881,152124,0.005791328127054245,7,0,12,2088,0,0,29,15258,0,0,0,10604,0,0,0,912,0,0,0,5200,0,0,0,316,0,0,0,4826,0,0,0,3472,0,0,838,41416,7,0,2,68032,0,0
20,3215302,rs1355494374,A,C,gnomAD Genomes,NA,PASS,p.Leu95Phe,p.Leu95Phe,c.285A>C,missense_variant,,1,152186,0.000006570906653700077,0,0,0,2092,0,0,0,15264,0,0,0,10622,0,0,0,912,0,0,0,5198,0,0,0,316,0,0,0,4830,0,0,0,3472,0,0,1,41438,0,0,0,68042,0,0
20,3218523,rs928104127,A,G,gnomAD Genomes,NA,PASS,p.His101Arg,p.His101Arg,c.302A>G,missense_variant,,1,152122,0.000006573671132380589,0,0,0,2092,0,0,0,15272,0,0,0,10600,0,0,0,912,0,0,0,5186,0,0,0,316,0,0,0,4832,0,0,0,3468,0,0,0,41426,0,0,1,68018,0,0
20,3218527,rs939527021,G,C,gnomAD Genomes,NA,PASS,p.Gln102His,p.Gln102His,c.306G>C,missense_variant,,2,152200,0.00001314060446780552,0,0,0,2090,0,0,0,15282,0,0,0,10610,0,0,0,912,0,0,0,5196,0,0,0,316,0,0,0,4828,0,0,0,3470,0,0,1,41454,0,0,1,68042,0,0
20,3218532,,T,C,gnomAD Genomes,NA,PASS,p.Leu104Pro,p.Leu104Pro,c.311T>C,missense_variant,,1,152200,0.00000657030223390276,0,0,0,2090,0,0,0,15280,0,0,0,10614,0,0,0,912,0,0,0,5194,0,0,0,316,0,0,0,4830,0,0,0,3472,0,0,0,41458,0,0,1,68034,0,0
20,3218536,rs1272642317,CG,C,gnomAD Genomes,NA,PASS,p.Phe107SerfsTer117,p.Phe107SerfsTer117,c.318del,frameshift_variant,,1,152172,0.000006571511184712037,0,0,0,2092,0,0,0,15276,0,0,0,10610,0,0,0,912,0,0,0,5194,0,0,0,316,0,0,0,4824,0,0,0,3468,0,0,0,41442,0,0,1,68038,0,0
20,3218537,,G,C,gnomAD Genomes,NA,PASS,p.Gly106Arg,p.Gly106Arg,c.316G>C,missense_variant,,3,152178,0.00001971375625911761,0,0,0,2092,0,0,3,15278,0,0,0,10618,0,0,0,912,0,0,0,5188,0,0,0,316,0,0,0,4828,0,0,0,3470,0,0,0,41446,0,0,0,68030,0,0
20,3218548,rs774873659,C,G,gnomAD Genomes,NA,PASS,p.Asp109Glu,p.Asp109Glu,c.327C>G,missense_variant,,1,152222,0.000006569352655989279,0,0,0,2094,0,0,0,15280,0,0,0,10618,0,0,0,912,0,0,0,5196,0,0,0,316,0,0,0,4828,0,0,1,3472,0,0,0,41460,0,0,0,68046,0,0
20,3218551,rs1158420981,G,C,gnomAD Genomes,NA,PASS,p.Lys110Asn,p.Lys110Asn,c.330G>C,missense_variant,,1,152216,0.0000065696116045619385,0,0,0,2090,0,0,0,15280,0,0,0,10620,0,0,0,912,0,0,0,5194,0,0,0,316,0,0,0,4828,0,0,0,3470,0,0,0,41458,0,0,1,68048,0,0
20,3218564,rs538462304,C,T,gnomAD Genomes,NA,PASS,p.Leu115Phe,p.Leu115Phe,c.343C>T,missense_variant,,2,152232,0.000013137842240790372,0,0,0,2086,0,0,0,15288,0,0,0,10618,0,0,0,912,0,0,0,5196,0,0,0,316,0,0,0,4830,0,0,0,3472,0,0,1,41472,0,0,1,68042,0,0
20,3218578,rs1407446171,A,ACTCAGCAC,gnomAD Genomes,NA,PASS,p.Gly123SerfsTer104,p.Gly123SerfsTer104,c.359_366dup,frameshift_variant,,7,152082,0.00004602780079167817,0,0,0,2084,0,0,0,15274,0,0,2,10588,0,0,0,912,0,0,0,5192,0,0,0,316,0,0,0,4834,0,0,0,3470,0,0,0,41402,0,0,5,68010,0,0
20,3218582,rs760148508,A,G,gnomAD Genomes,NA,PASS,p.Ser121Gly,p.Ser121Gly,c.361A>G,missense_variant,,1,152196,0.0000065704749139267785,0,0,0,2090,0,0,0,15278,0,0,0,10608,0,0,0,912,0,0,0,5188,0,0,0,316,0,0,0,4834,0,0,0,3472,0,0,0,41462,0,0,1,68036,0,0
20,3218584,rs765934653,C,A,gnomAD Genomes,NA,PASS,p.Ser121Arg,p.Ser121Arg,c.363C>A,missense_variant,,7,152204,0.00004599090694068487,0,0,0,2088,0,0,7,15282,0,0,0,10614,0,0,0,912,0,0,0,5192,0,0,0,316,0,0,0,4828,0,0,0,3472,0,0,0,41462,0,0,0,68038,0,0
20,3218592,,A,T,gnomAD Genomes,NA,PASS,p.Asp124Val,p.Asp124Val,c.371A>T,missense_variant,,1,152062,0.000006576264944562087,0,0,0,2090,0,0,1,15260,0,0,0,10598,0,0,0,910,0,0,0,5184,0,0,0,316,0,0,0,4822,0,0,0,3470,0,0,0,41402,0,0,0,68010,0,0
20,3218594,,C,A,gnomAD Genomes,NA,PASS,p.Pro125Thr,p.Pro125Thr,c.373C>A,missense_variant,,1,152206,0.000006570043230884459,0,0,0,2090,0,0,0,15280,0,0,0,10622,0,0,0,912,0,0,0,5194,0,0,0,316,0,0,0,4826,0,0,0,3470,0,0,1,41460,0,0,0,68036,0,0
20,3218594,,C,T,gnomAD Genomes,NA,PASS,p.Pro125Ser,p.Pro125Ser,c.373C>T,missense_variant,,1,152206,0.000006570043230884459,0,0,0,2090,0,0,0,15280,0,0,0,10622,0,0,0,912,0,0,0,5194,0,0,0,316,0,0,0,4826,0,0,0,3470,0,0,0,41460,0,0,1,68036,0,0
20,3218602,rs556565777,G,T,gnomAD Genomes,NA,PASS,p.Gln127His,p.Gln127His,c.381G>T,missense_variant,,2,152236,0.000013137497044063165,0,0,0,2094,0,0,0,15284,0,0,0,10622,0,0,0,910,0,0,2,5194,0,0,0,316,0,0,0,4836,0,0,0,3472,0,0,0,41456,0,0,0,68052,0,0
20,3218604,rs780479868,C,T,gnomAD Genomes,NA,PASS,p.Pro128Leu,p.Pro128Leu,c.383C>T,missense_variant,,5,152250,0.00003284072249589491,0,0,0,2094,0,0,0,15282,0,0,0,10626,0,0,0,910,0,0,0,5198,0,0,0,316,0,0,0,4836,0,0,0,3472,0,0,4,41466,0,0,1,68050,0,0
20,3218606,,G,A,gnomAD Genomes,NA,PASS,p.Val129Met,p.Val129Met,c.385G>A,missense_variant,,2,152210,0.000013139741147099402,0,0,0,2092,0,0,0,15284,0,0,0,10616,0,0,0,908,0,0,0,5198,0,0,0,316,0,0,1,4826,0,0,0,3472,0,0,0,41448,0,0,1,68050,0,0
20,3218606,,G,C,gnomAD Genomes,NA,PASS,p.Val129Leu,p.Val129Leu,c.385G>C,missense_variant,,4,152210,0.000026279482294198804,0,0,0,2092,0,0,0,15284,0,0,0,10616,0,0,0,908,0,0,0,5198,0,0,0,316,0,0,0,4826,0,0,0,3472,0,0,4,41448,0,0,0,68050,0,0
20,3218609,rs578227905,C,T,gnomAD Genomes,NA,PASS,p.Arg130Cys,p.Arg130Cys,c.388C>T,missense_variant,,1,152216,0.0000065696116045619385,0,0,0,2094,0,0,1,15284,0,0,0,10622,0,0,0,910,0,0,0,5192,0,0,0,316,0,0,0,4826,0,0,0,3472,0,0,0,41448,0,0,0,68052,0,0
20,3218618,rs140777194,A,G,gnomAD Genomes,NA,PASS,p.Arg133Gly,p.Arg133Gly,c.397A>G,missense_variant,,66,152190,0.00043366844076483344,0,0,1,2092,0,0,1,15284,0,0,0,10616,0,0,0,912,0,0,1,5194,0,0,0,316,0,0,0,4830,0,0,0,3470,0,0,63,41446,0,0,0,68030,0,0
20,3218624,,C,T,gnomAD Genomes,NA,PASS,p.Arg135Trp,p.Arg135Trp,c.403C>T,missense_variant,,3,152200,0.000019710906701708278,0,0,0,2092,0,0,0,15276,0,0,0,10620,0,0,0,912,0,0,0,5196,0,0,0,316,0,0,0,4828,0,0,0,3472,0,0,0,41452,0,0,3,68036,0,0
20,3218625,rs1328303955,G,A,gnomAD Genomes,NA,PASS,p.Arg135Gln,p.Arg135Gln,c.404G>A,missense_variant,,1,152226,0.000006569180034948038,0,0,0,2092,0,0,0,15276,0,0,0,10620,0,0,0,912,0,0,0,5198,0,0,0,316,0,0,0,4832,0,0,0,3472,0,0,1,41460,0,0,0,68048,0,0
20,3218631,,C,T,gnomAD Genomes,NA,PASS,p.Ser137Leu,p.Ser137Leu,c.410C>T,missense_variant,,1,152236,0.000006568748522031582,0,0,0,2090,0,0,0,15288,0,0,0,10624,0,0,0,912,0,0,0,5194,0,0,0,316,0,0,0,4836,0,0,0,3470,0,0,1,41464,0,0,0,68042,0,0
20,3221845,rs771525761,G,A,gnomAD Genomes,NA,PASS,p.Arg139Gln,p.Arg139Gln,c.416G>A,missense_variant,,9,152214,0.000059127281327604555,0,0,0,2090,0,0,1,15286,0,0,0,10622,0,0,0,912,0,0,0,5194,0,0,0,316,0,0,1,4838,0,0,0,3468,0,0,1,41456,0,0,6,68032,0,0
20,3221847,,A,T,gnomAD Genomes,NA,PASS,p.Ile140Phe,p.Ile140Phe,c.418A>T,missense_variant,,1,152116,0.000006573930421520419,0,0,0,2086,0,0,0,15272,0,0,0,10602,0,0,0,912,0,0,0,5194,0,0,0,316,0,0,0,4828,0,0,0,3466,0,0,0,41422,0,0,1,68018,0,0
20,3221850,rs927961108,G,A,gnomAD Genomes,NA,PASS,p.Val141Met,p.Val141Met,c.421G>A,missense_variant,,1,152184,0.000006570993008463439,0,0,0,2092,0,0,0,15280,0,0,0,10622,0,0,0,912,0,0,0,5190,0,0,0,316,0,0,0,4838,0,0,0,3468,0,0,0,41434,0,0,1,68032,0,0
20,3221851,rs745432420,T,G,gnomAD Genomes,NA,PASS,p.Val141Gly,p.Val141Gly,c.422T>G,missense_variant,,2,152220,0.000013138877939823939,0,0,0,2086,0,0,1,15278,0,0,0,10630,0,0,0,912,0,0,0,5194,0,0,0,316,0,0,0,4836,0,0,0,3470,0,0,0,41452,0,0,1,68046,0,0
20,3221853,rs1210226758,G,A,gnomAD Genomes,NA,PASS,p.Ala142Thr,p.Ala142Thr,c.424G>A,missense_variant,,1,152204,0.000006570129562954982,0,0,0,2090,0,0,0,15280,0,0,0,10626,0,0,0,912,0,0,0,5190,0,0,0,316,0,0,0,4836,0,0,0,3470,0,0,1,41446,0,0,0,68038,0,0
20,3221854,rs564801704,C,T,gnomAD Genomes,NA,PASS,p.Ala142Val,p.Ala142Val,c.425C>T,missense_variant,,2,152220,0.000013138877939823939,0,0,0,2092,0,0,0,15276,0,0,0,10618,0,0,0,912,0,0,0,5198,0,0,0,316,0,0,0,4832,0,0,0,3470,0,0,2,41464,0,0,0,68042,0,0
20,3221860,rs201766921,G,A,gnomAD Genomes,NA,PASS,p.Arg144Lys,p.Arg144Lys,c.431G>A,missense_variant,,1,152214,0.0000065696979252893955,0,0,0,2094,0,0,0,15286,0,0,0,10626,0,0,0,910,0,0,1,5198,0,0,0,316,0,0,0,4834,0,0,0,3470,0,0,0,41442,0,0,0,68038,0,0
20,3221881,rs200086262,G,A,gnomAD Genomes,NA,PASS,p.Trp151Ter,p.Trp151Ter,c.452G>A,stop_gained,,2,152226,0.000013138360069896076,0,0,0,2094,0,0,0,15284,0,0,2,10630,0,0,0,912,0,0,0,5192,0,0,0,316,0,0,0,4836,0,0,0,3468,0,0,0,41450,0,0,0,68044,0,0
20,3221884,,AC,A,gnomAD Genomes,NA,PASS,p.Cys154AlafsTer70,p.Cys154AlafsTer70,c.459del,frameshift_variant,,2,151700,0.000013183915622940014,0,0,0,2084,0,0,0,15250,0,0,0,10536,0,0,0,910,0,0,0,5162,0,0,0,316,0,0,0,4786,0,0,0,3466,0,0,0,41226,0,0,2,67964,0,0
20,3221887,rs1399990155,C,A,gnomAD Genomes,NA,PASS,p.Pro153His,p.Pro153His,c.458C>A,missense_variant,,3,152214,0.000019709093775868185,0,0,0,2094,0,0,0,15282,0,0,0,10630,0,0,0,910,0,0,0,5188,0,0,0,316,0,0,0,4830,0,0,0,3470,0,0,3,41448,0,0,0,68046,0,0
20,3221897,rs1164207315,G,T,gnomAD Genomes,NA,PASS,p.Gln156His,p.Gln156His,c.468G>T,missense_variant,,1,152202,0.000006570215897294385,0,0,0,2090,0,0,0,15276,0,0,0,10622,0,0,0,910,0,0,0,5198,0,0,0,316,0,0,0,4830,0,0,0,3464,0,0,0,41456,0,0,1,68040,0,0
20,3221898,,C,G,gnomAD Genomes,NA,PASS,p.Pro157Ala,p.Pro157Ala,c.469C>G,missense_variant,,3,152220,0.00001970831690973591,0,0,0,2090,0,0,0,15290,0,0,0,10620,0,0,0,912,0,0,0,5196,0,0,0,316,0,0,0,4832,0,0,0,3466,0,0,3,41454,0,0,0,68044,0,0
20,3221905,,G,T,gnomAD Genomes,NA,PASS,p.Gly159Val,p.Gly159Val,c.476G>T,missense_variant,,1,152232,0.000006568921120395186,0,0,0,2092,0,0,1,15284,0,0,0,10624,0,0,0,912,0,0,0,5200,0,0,0,316,0,0,0,4830,0,0,0,3468,0,0,0,41458,0,0,0,68048,0,0
20,3221908,rs1416544923,A,C,gnomAD Genomes,NA,PASS,p.Tyr160Ser,p.Tyr160Ser,c.479A>C,missense_variant,,1,152186,0.000006570906653700077,0,0,0,2090,0,0,0,15284,0,0,0,10608,0,0,0,912,0,0,0,5192,0,0,0,316,0,0,0,4830,0,0,0,3468,0,0,1,41446,0,0,0,68040,0,0
20,3221910,rs1423613678,G,A,gnomAD Genomes,NA,PASS,p.Glu161Lys,p.Glu161Lys,c.481G>A,missense_variant,,1,152214,0.0000065696979252893955,0,0,0,2094,0,0,0,15278,0,0,0,10628,0,0,0,912,0,0,0,5188,0,0,0,316,0,0,0,4834,0,0,0,3472,0,0,1,41448,0,0,0,68044,0,0
20,3221916,,A,G,gnomAD Genomes,NA,PASS,p.Thr163Ala,p.Thr163Ala,c.487A>G,missense_variant,,1,152190,0.000006570733950982325,0,0,0,2092,0,0,0,15284,0,0,0,10614,0,0,0,912,0,0,0,5186,0,0,0,316,0,0,0,4834,0,0,0,3472,0,0,0,41442,0,0,1,68038,0,0
20,3221918,,G,A,gnomAD Genomes,NA,PASS,c.488+1G>A,,c.488+1G>A,splice_donor_variant,,1,152230,0.000006569007422978388,0,0,0,2092,0,0,0,15286,0,0,0,10622,0,0,0,912,0,0,1,5192,0,0,0,316,0,0,0,4834,0,0,0,3472,0,0,0,41462,0,0,0,68042,0,0
20,3223369,,C,G,gnomAD Genomes,NA,PASS,p.Tyr164Ter,p.Tyr164Ter,c.492C>G,stop_gained,,1,152172,0.000006571511184712037,0,0,0,2090,0,0,0,15268,0,0,0,10614,0,0,0,912,0,0,1,5194,0,0,0,316,0,0,0,4836,0,0,0,3472,0,0,0,41434,0,0,0,68036,0,0
20,3223370,,G,A,gnomAD Genomes,NA,PASS,p.Ala165Thr,p.Ala165Thr,c.493G>A,missense_variant,,1,152192,0.000006570647603027754,0,0,0,2092,0,0,0,15278,0,0,0,10620,0,0,0,912,0,0,0,5196,0,0,0,316,0,0,0,4836,0,0,0,3470,0,0,0,41438,0,0,1,68034,0,0
20,3223385,rs199706843,G,A,gnomAD Genomes,NA,PASS,p.Ala170Thr,p.Ala170Thr,c.508G>A,missense_variant,,10,152204,0.00006570129562954981,0,0,0,2092,0,0,0,15262,0,0,0,10626,0,0,0,912,0,0,10,5196,0,0,0,316,0,0,0,4834,0,0,0,3470,0,0,0,41450,0,0,0,68046,0,0
20,3223386,,C,T,gnomAD Genomes,NA,PASS,p.Ala170Val,p.Ala170Val,c.509C>T,missense_variant,,5,152186,0.00003285453326850039,0,0,0,2094,0,0,0,15270,0,0,0,10608,0,0,0,912,0,0,0,5192,0,0,0,316,0,0,2,4834,0,0,0,3472,0,0,0,41460,0,0,3,68028,0,0
20,3223390,rs748840853,G,C,gnomAD Genomes,NA,PASS,p.Glu171Asp,p.Glu171Asp,c.513G>C,missense_variant,,8,152218,0.00005255620228882261,0,0,2,2092,0,0,5,15286,0,0,0,10618,0,0,0,912,0,0,0,5188,0,0,0,316,0,0,0,4836,0,0,0,3472,0,0,0,41452,0,0,1,68046,0,0
20,3223395,rs748042110,AC,A,gnomAD Genomes,NA,PASS,p.Asn173LysfsTer51,p.Asn173LysfsTer51,c.519del,frameshift_variant,,2,152166,0.000013143540606968706,0,0,0,2092,0,0,0,15274,0,0,0,10628,0,0,0,912,0,0,0,5178,0,0,0,316,0,0,0,4830,0,0,0,3472,0,0,0,41440,0,0,2,68024,0,0
20,3223397,,G,A,gnomAD Genomes,NA,PASS,p.Ala174Thr,p.Ala174Thr,c.520G>A,missense_variant,,3,152194,0.000019711683772027807,0,0,0,2086,0,0,0,15278,0,0,0,10616,0,0,0,910,0,0,0,5196,0,0,0,316,0,0,0,4836,0,0,0,3470,0,0,0,41460,0,0,3,68026,0,0
20,3223398,rs148875609,C,T,gnomAD Genomes,NA,PASS,p.Ala174Val,p.Ala174Val,c.521C>T,missense_variant,,7,152226,0.000045984260244636265,0,0,0,2092,0,0,0,15282,0,0,0,10616,0,0,0,912,0,0,0,5196,0,0,0,316,0,0,0,4834,0,0,0,3472,0,0,5,41466,0,0,2,68040,0,0
20,3223400,rs1600541745,G,C,gnomAD Genomes,NA,PASS,p.Val175Leu,p.Val175Leu,c.523G>C,missense_variant,,1,152196,0.0000065704749139267785,0,0,0,2088,0,0,0,15282,0,0,0,10614,0,0,0,912,0,0,0,5188,0,0,0,316,0,0,0,4836,0,0,0,3472,0,0,0,41456,0,0,1,68032,0,0
20,3223404,,C,T,gnomAD Genomes,NA,PASS,p.Ser176Phe,p.Ser176Phe,c.527C>T,missense_variant,,1,152212,0.000006569784248285286,0,0,0,2090,0,0,1,15286,0,0,0,10628,0,0,0,912,0,0,0,5192,0,0,0,316,0,0,0,4830,0,0,0,3472,0,0,0,41448,0,0,0,68038,0,0
20,3223409,rs746930990,C,T,gnomAD Genomes,NA,PASS,p.Arg178Cys,p.Arg178Cys,c.532C>T,missense_variant,,1,152220,0.000006569438969911969,0,0,0,2088,0,0,0,15282,0,0,0,10624,0,0,0,912,0,0,0,5194,0,0,0,316,0,0,0,4832,0,0,0,3472,0,0,0,41460,0,0,1,68040,0,0
20,3223412,rs1444385510,T,A,gnomAD Genomes,NA,PASS,p.Phe179Ile,p.Phe179Ile,c.535T>A,missense_variant,,1,152222,0.000006569352655989279,0,0,0,2086,0,0,0,15284,0,0,0,10624,0,0,0,912,0,0,0,5194,0,0,0,316,0,0,0,4834,0,0,0,3472,0,0,1,41470,0,0,0,68030,0,0
20,3223416,rs567048681,G,A,gnomAD Genomes,NA,PASS,p.Arg180Gln,p.Arg180Gln,c.539G>A,missense_variant,,14,152208,0.0000919793966151582,1,0,0,2092,0,0,0,15272,0,0,0,10622,0,0,0,912,0,0,0,5192,0,0,0,316,0,0,5,4838,1,0,0,3472,0,0,5,41462,0,0,4,68030,0,0
20,3223419,rs1257019699,C,G,gnomAD Genomes,NA,PASS,p.Ala181Gly,p.Ala181Gly,c.542C>G,missense_variant,,1,152206,0.000006570043230884459,0,0,0,2094,0,0,0,15282,0,0,0,10614,0,0,0,912,0,0,1,5194,0,0,0,316,0,0,0,4834,0,0,0,3472,0,0,0,41458,0,0,0,68030,0,0
20,3223434,rs761952728,A,G,gnomAD Genomes,NA,PASS,p.Gln186Arg,p.Gln186Arg,c.557A>G,missense_variant,,2,152232,0.000013137842240790372,0,0,0,2092,0,0,0,15286,0,0,0,10622,0,0,0,912,0,0,0,5196,0,0,0,316,0,0,0,4834,0,0,0,3470,0,0,0,41466,0,0,2,68038,0,0
20,3223438,,G,C,gnomAD Genomes,NA,PASS,p.Glu187Asp,p.Glu187Asp,c.561G>C,missense_variant,,1,152142,0.000006572806982950139,0,0,0,2092,0,0,0,15270,0,0,0,10608,0,0,0,910,0,0,0,5176,0,0,0,316,0,0,0,4828,0,0,0,3470,0,0,0,41456,0,0,1,68016,0,0
20,3223442,rs1196215532,T,C,gnomAD Genomes,NA,PASS,p.Phe189Leu,p.Phe189Leu,c.565T>C,missense_variant,,3,152240,0.000019705727798213347,0,0,0,2088,0,0,1,15290,0,0,0,10624,0,0,0,912,0,0,0,5202,0,0,0,316,0,0,0,4828,0,0,0,3472,0,0,0,41470,0,0,2,68038,0,0
20,3223448,rs756579000,A,C,gnomAD Genomes,NA,PASS,p.Ser191Arg,p.Ser191Arg,c.571A>C,missense_variant,,1,152230,0.000006569007422978388,0,0,0,2092,0,0,0,15292,0,0,0,10622,0,0,0,912,0,0,0,5202,0,0,0,316,0,0,0,4834,0,0,0,3470,0,0,1,41462,0,0,0,68028,0,0
20,3223450,rs757922816,T,TTTGGCAGC,gnomAD Genomes,NA,PASS,p.Ter195TrpfsTer32,p.Ter195TrpfsTer32,c.577_584dup,frameshift_variant,,1,152224,0.000006569266344334665,0,0,0,2092,0,0,0,15292,0,0,0,10620,0,0,0,912,0,0,0,5202,0,0,0,316,0,0,0,4830,0,0,0,3466,0,0,0,41464,0,0,1,68030,0,0
20,3223452,rs766916111,T,C,gnomAD Genomes,NA,PASS,p.Leu192Ser,p.Leu192Ser,c.575T>C,missense_variant,,1,152250,0.000006568144499178982,0,0,0,2094,0,0,0,15290,0,0,0,10628,0,0,0,912,0,0,1,5200,0,0,0,316,0,0,0,4836,0,0,0,3472,0,0,0,41466,0,0,0,68036,0,0
20,3223455,rs924704772,C,G,gnomAD Genomes,NA,PASS,p.Ala193Gly,p.Ala193Gly,c.578C>G,missense_variant,,1,152248,0.000006568230781356734,0,0,0,2092,0,0,0,15286,0,0,0,10628,0,0,0,912,0,0,0,5202,0,0,0,316,0,0,0,4838,0,0,0,3472,0,0,1,41464,0,0,0,68038,0,0
