model,mutation,complex_ddG,complex_native_dG,complex_mutant_dG,FA_RMSD,CA_RMSD
ITPA,A2V,13.535350886453102,-708.417663196797,-694.8823123103439,0.4620610773563385,0.3271159529685974
ITPA,L5S,5.078963303457499,-708.417663196797,-703.3386998933395,0.1793011575937271,0.0389348641037941
ITPA,K8R,1.617964372205165,-708.417663196797,-706.7996988245918,0.01858591102063656,0.019908899441361427
ITPA,K9R,1.2144030186228747,-708.417663196797,-707.2032601781741,0.0099532725289464,0.009012405760586262
ITPA,V11M,0.45268065987772843,-708.417663196797,-707.9649825369193,0.17361991107463837,0.040216680616140366
ITPA,A17S,-0.6273751864777068,-708.417663196797,-709.0450383832747,0.03781752660870552,0.03371550142765045
ITPA,L20M,1.5026679534677214,-708.417663196797,-706.9149952433293,0.09975357353687286,0.0886259451508522
ITPA,V24I,-1.1383399043879763,-708.417663196797,-709.556003101185,0.026071976870298386,0.030215101316571236
ITPA,P32T,1.2503183054897136,-708.417663196797,-707.1673448913073,0.24261818826198578,0.12619157135486603
ITPA,T34A,2.268115377513027,-708.417663196797,-706.149547819284,0.022405533120036125,0.01711917296051979
ITPA,T34N,1.9682018330809115,-708.417663196797,-706.4494613637161,0.06662651896476746,0.05247516930103302
ITPA,L35S,7.4141091655881155,-708.417663196797,-701.0035540312089,0.08647070825099945,0.08403964340686798
ITPA,V36L,2.2307123244768263,-708.417663196797,-706.1869508723202,0.06444665044546127,0.04519518092274666
ITPA,V36E,0.9382881974828479,-708.417663196797,-707.4793749993141,0.45774123072624207,0.09414446353912354
ITPA,K39N,2.099445259137269,-708.417663196797,-706.3182179376597,0.10154328495264053,0.06235894933342934
ITPA,P43L,5.957508014772429,-708.417663196797,-702.4601551820246,0.03020593151450157,0.015524804592132568
ITPA,E48G,2.6936799516879546,-708.417663196797,-705.723983245109,0.06432536989450455,0.059967219829559326
ITPA,P49L,5.173861510286201,-708.417663196797,-703.2438016865108,0.1084587424993515,0.07578391581773758
ITPA,E51K,2.3101757021065623,-708.417663196797,-706.1074874946904,0.3169506788253784,0.08510299026966095
ITPA,I54V,1.20949053411573,-708.417663196797,-707.2081726626812,0.023679662495851517,0.01728770136833191
ITPA,C57Y,30.80756406998023,-708.417663196797,-677.6100991268167,0.4572840929031372,0.38555729389190674
ITPA,V61I,3.108342762356415,-708.417663196797,-705.3093204344406,0.11549116671085358,0.11408577114343643
ITPA,R62C,3.0738721487824705,-708.417663196797,-705.3437910480145,0.028919531032443047,0.021151091903448105
ITPA,R62L,1.1509671960839114,-708.417663196797,-707.2666960007131,0.04302583262324333,0.02899954840540886
ITPA,V64L,3.298247309069211,-708.417663196797,-705.1194158877278,0.30907684564590454,0.26175081729888916
ITPA,G66R,0.493668649813344,-708.417663196797,-707.9239945469836,0.1806591898202896,0.11996981501579285
ITPA,V70I,2.7666137577218706,-708.417663196797,-705.6510494390751,0.081146739423275,0.046785619109869
ITPA,D72G,4.539173920066219,-708.417663196797,-703.8784892767308,0.030378248542547226,0.024028951302170753
ITPA,N78S,1.741121584842972,-708.417663196797,-706.676541611954,0.07415657490491867,0.07949818670749664
ITPA,P84T,6.955098156197323,-708.417663196797,-701.4625650405997,0.1388069987297058,0.1090901643037796
ITPA,G85S,48.57562105675481,-708.417663196797,-659.8420421400422,0.23278659582138062,0.20898686349391937
ITPA,G85A,45.635825870464146,-708.417663196797,-662.7818373263328,0.16029466688632965,0.1154908537864685
ITPA,Y87D,3.8875106528076913,-708.417663196797,-704.5301525439893,0.4699617922306061,0.06262416392564774
ITPA,Y87F,3.02660126524745,-708.417663196797,-705.3910619315495,0.08712738007307053,0.06805597990751266
ITPA,I88L,5.10222997165954,-708.417663196797,-703.3154332251374,0.07700306177139282,0.06697814166545868
ITPA,W90C,1.8050300126976708,-708.417663196797,-706.6126331840993,0.052335236221551895,0.05588596314191818
ITPA,F91L,6.979620595637357,-708.417663196797,-701.4380426011596,0.5655845999717712,0.22458870708942413
ITPA,E93G,4.689225110321331,-708.417663196797,-703.7284380864756,0.07861518859863281,0.0578874833881855
ITPA,L95F,0.47239364799190753,-708.417663196797,-707.9452695488051,0.6321332454681396,0.10866585373878479
ITPA,H101R,2.6028194870033303,-708.417663196797,-705.8148437097936,0.08147262036800385,0.07142079621553421
ITPA,Q102H,0.8927799397456511,-708.417663196797,-707.5248832570513,0.07997417449951172,0.0392460934817791
ITPA,L104P,13.450117575114746,-708.417663196797,-694.9675456216822,0.30085715651512146,0.31706660985946655
ITPA,G106R,-0.7240079283857312,-708.417663196797,-709.1416711251827,0.018060384318232536,0.013393650762736797
ITPA,F107S,2.6240734241002883,-708.417663196797,-705.7935897726967,0.27797606587409973,0.20427116751670837
ITPA,D109E,3.842513604178066,-708.417663196797,-704.5751495926189,0.21894867718219757,0.1708739846944809
ITPA,K110N,2.0141514499499635,-708.417663196797,-706.403511746847,0.05518534779548645,0.05236202850937843
ITPA,L115F,3.113818868612725,-708.417663196797,-705.3038443281843,0.6053910851478577,0.035925284028053284
ITPA,S121G,7.808004597646573,-708.417663196797,-700.6096585991504,0.17760951817035675,0.1939105987548828
ITPA,S121R,9.713468300535396,-708.417663196797,-698.7041948962616,0.3667558431625366,0.33312925696372986
ITPA,G123S,4.541526907805974,-708.417663196797,-703.876136288991,0.41823992133140564,0.46150270104408264
ITPA,D124V,9.53374179496575,-708.417663196797,-698.8839214018312,0.1779695600271225,0.18313875794410706
ITPA,P125T,-1.5825325574486442,-708.417663196797,-710.0001957542456,0.09188702702522278,0.07766740024089813
ITPA,P125S,-2.086945549477491,-708.417663196797,-710.5046087462745,0.08860218524932861,0.07883555442094803
ITPA,Q127H,4.120573668780253,-708.417663196797,-704.2970895280167,0.09169168770313263,0.08287607133388519
ITPA,P128L,6.453118209000195,-708.417663196797,-701.9645449877968,0.08738524466753006,0.08153507113456726
ITPA,V129M,9.651865237800962,-708.417663196797,-698.765797958996,0.5318706631660461,0.14003394544124603
ITPA,V129L,11.223272996280343,-708.417663196797,-697.1943902005166,0.5475452542304993,0.22692862153053284
ITPA,R130C,0.06578136287589587,-708.417663196797,-708.3518818339211,0.042273543775081635,0.016017386689782143
ITPA,R133G,5.831297343756546,-708.417663196797,-702.5863658530404,0.02879861369729042,0.028542842715978622
ITPA,R135W,1.739235063531737,-708.417663196797,-706.6784281332652,0.11459589004516602,0.09099932014942169
ITPA,R135Q,-1.2425977080420125,-708.417663196797,-709.660260904839,0.03340032696723938,0.019591959193348885
ITPA,S137L,2.152333303633327,-708.417663196797,-706.2653298931637,0.045233093202114105,0.04448823258280754
ITPA,R139Q,0.997097476375302,-708.417663196797,-707.4205657204217,0.02214779704809189,0.015709638595581055
ITPA,I140F,18.69286528666953,-708.417663196797,-689.7247979101274,0.25184136629104614,0.21726278960704803
ITPA,V141M,3.3815883740571735,-708.417663196797,-705.0360748227398,0.060058411210775375,0.05492513254284859
ITPA,V141G,5.799155200714722,-708.417663196797,-702.6185079960823,0.062164269387722015,0.08540485799312592
ITPA,A142T,0.32555282744510805,-708.417663196797,-708.0921103693519,0.7160730361938477,0.058628275990486145
ITPA,A142V,0.25540506579943667,-708.417663196797,-708.1622581309975,1.063264012336731,0.07594621926546097
ITPA,R144K,0.48365455881582875,-708.417663196797,-707.9340086379812,0.01755521260201931,0.012398598715662956
ITPA,W151G,12.52281117744053,-708.417663196797,-695.8948520193564,0.028509460389614105,0.024580849334597588
ITPA,p.Trp151Ter,ValueError: 'TER' is not in list,,,,
ITPA,P153H,2.9959650615808187,-708.417663196797,-705.4216981352162,0.732864260673523,0.121835857629776
ITPA,C154A,0.6421097233867386,-708.417663196797,-707.7755534734102,0.492116242647171,0.0340188629925251
ITPA,Q156H,4.043642159650517,-708.417663196797,-704.3740210371465,0.21399414539337158,0.15137067437171936
ITPA,P157A,3.145786189338196,-708.417663196797,-705.2718770074588,0.3677673935890198,0.06887640058994293
ITPA,G159V,18.87507582197736,-708.417663196797,-689.5425873748196,0.0800214558839798,0.10523669421672821
ITPA,Y160S,0.7142066626479391,-708.417663196797,-707.703456534149,0.14125391840934753,0.1100868508219719
ITPA,E161K,0.4315966294682312,-708.417663196797,-707.9860665673287,0.011948286555707455,0.009322117082774639
ITPA,T163M,6.149439835293379,-708.417663196797,-702.2682233615036,0.17806009948253632,0.173981711268425
ITPA,T163A,1.8376890005655468,-708.417663196797,-706.5799741962314,0.3550892472267151,0.10512775927782059
ITPA,p.Tyr164Ter,ValueError: 'TER' is not in list,,,,
ITPA,A165T,9.564723916830872,-708.417663196797,-698.8529392799661,0.23132745921611786,0.2823288142681122
ITPA,A170T,0.7735709298136726,-708.417663196797,-707.6440922669833,0.03346185013651848,0.021578626707196236
ITPA,A170V,1.5278021566141433,-708.417663196797,-706.8898610401828,0.038961008191108704,0.025413788855075836
ITPA,E171D,2.253266095941285,-708.417663196797,-706.1643971008557,0.10900674760341644,0.07550838589668274
ITPA,N173K,1.8291993372715751,-708.417663196797,-706.5884638595254,0.1688084900379181,0.08388406783342361
ITPA,A174T,-2.3240632689545464,-708.417663196797,-710.7417264657515,0.03179307281970978,0.029972068965435028
ITPA,A174V,-0.5342576945814699,-708.417663196797,-708.9519208913784,0.042634692043066025,0.07242351025342941
ITPA,V175L,3.218696485384271,-708.417663196797,-705.1989667114127,0.17862601578235626,0.11404699832201004
ITPA,S176F,13.633982210898012,-708.417663196797,-694.783680985899,0.570775032043457,0.20491927862167358
ITPA,R178C,4.986038954054834,-708.417663196797,-703.4316242427421,0.06445294618606567,0.03254428133368492
ITPA,R178C,4.998443303690465,-708.417663196797,-703.4192198931065,0.06432101875543594,0.032453715801239014
ITPA,F179I,11.104676731326322,-708.417663196797,-697.3129864654707,0.1367482841014862,0.14022192358970642
ITPA,R180Q,-0.4859724203137148,-708.417663196797,-708.9036356171107,0.04274403303861618,0.04376303777098656
ITPA,A181G,4.855880173948663,-708.417663196797,-703.5617830228483,0.07328537106513977,0.020433222874999046
ITPA,L182P,32.87002310628327,-708.417663196797,-675.5476400905137,0.5213989615440369,0.296975702047348
ITPA,Q186R,-0.9318197377485831,-708.417663196797,-709.3494829345456,0.24513019621372223,0.05484282225370407
ITPA,E187D,-0.9182698428940057,-708.417663196797,-709.335933039691,0.31183087825775146,0.039908092468976974
ITPA,F189L,5.32769265005561,-708.417663196797,-703.0899705467414,0.49435752630233765,0.2858662009239197
ITPA,p.Ser191Arg,ValueError: Not in pose,,,,
ITPA,p.Leu192Ser,ValueError: Not in pose,,,,
ITPA,p.Ala193Gly,ValueError: Not in pose,,,,
